Keyword,Amount
adventure,236
nature,231
identity,217
mystery,196
isolation,170
conflict,166
transformation,141
supernatural,118
fear,118
relationship,117
exploration,110
character,108
love,98
society,98
morality,97
reflection,89
survival,86
death,85
emotion,85
dream,82
investigation,79
imagination,79
horror,78
humor,76
fantasy,73
crime,72
family,69
humanity,69
journey,66
suspense,65
reality,64
fate,63
sherlock holmes,59
memory,59
friendship,59
irony,59
folklore,58
consequence,56
resolution,55
narrative,54
madness,53
symbolism,52
clue,51
despair,49
betrayal,48
sacrifice,48
landscape,48
experience,47
tragedy,47
perception,47
desire,46
human nature,44
atmosphere,43
darkness,43
detective,42
deception,42
technology,42
community,41
australia,41
magic,40
human experience,40
beauty,39
science fiction,39
struggle,37
tradition,37
loss,36
storytelle,36
time,36
discovery,35
courage,35
culture,35
satire,34
murder,34
redemption,33
wisdom,31
set,31
guilt,31
suffer,31
resilience,30
life,30
mythology,30
dr. john watson,30
philosophy,30
freedom,30
social commentary,29
animal,28
loyalty,27
ancient,27
london,27
intrigue,27
communication,27
psychological,27
change,26
alienation,26
childhood,26
tension,26
enchantment,26
wealth,26
hope,25
justice,25
nostalgia,25
choice,25
war,25
art,25
outback,24
night,24
rural life,24
existentialism,23
cosmic,23
lesson,22
legend,22
theme,22
disguise,21
perspective,21
deduction,21
victorian era,20
secret,20
heroism,20
illusion,20
moral,20
cult,19
dr. watson,19
spirituality,19
wilderness,19
consciousness,19
observation,19
revenge,19
banjo paterson,18
grief,18
aleksandr i. kuprin,18
h. g. wells,18
nightmare,18
trust,18
vision,18
regret,17
haunt,17
soldier,17
loneliness,17
myth,17
otherworldly,17
fairy tale,17
poverty,17
danger,17
escape,17
hardship,17
cosmic horror,17
creature,17
ghost,16
power,16
misunderstand,16
growth,16
alien,16
flora annie steel,16
gender role,16
existence,16
sorcery,16
obsession,16
environment,16
experiment,15
suspect,15
surrealism,15
innocence,15
bush,15
science,15
narrator,15
challenge,14
ambition,14
treasure,14
mortality,14
social class,14
plot,14
theft,14
quest,14
evidence,14
plot twist,13
strength,13
sea,13
perseverance,13
marriage,13
ethic,13
dialogue,13
dystopia,13
connection,13
poetry,13
child,13
conan,12
solitude,12
dublin,12
romance,12
violence,12
dark,12
tomb,12
desperation,12
faith,12
paranoia,12
legacy,12
terror,12
encounter,12
class,12
civilization,12
lovecraft,12
character development,12
spirit,12
ritual,12
desolation,12
competition,12
heritage,12
destiny,12
narration,11
longing,11
influence,11
horse,11
future,11
disillusionment,11
history,11
rural,11
feminism,11
honor,10
ambrose bierce,10
creativity,10
immortality,10
moral lesson,10
greed,10
fable,10
curse,10
evolution,10
revelation,10
forest,10
battle,10
strategy,10
prince,10
unknown,10
house,10
sleep,9
mysticism,9
personal growth,9
space,9
religion,9
city,9
dog,9
curiosity,9
rivalry,9
king,9
mythical,9
compassion,9
mythos,9
critique,9
authority,9
occult,9
self-discovery,9
anxiety,9
determination,9
instinct,9
disappearance,8
australian bush,8
inspiration,8
success,8
soul,8
woman,8
conversation,8
judgment,8
human condition,8
kingdom,8
thief,8
burial,8
life lesson,8
clark ashton smith,8
insanity,8
man,8
villain,8
illness,8
duality,8
value,8
domestic life,8
independence,8
mourn,8
russian literature,8
christmas,8
trickery,8
contrast,8
innovation,8
absurdity,8
story,7
hero,7
materialism,7
pride,7
princess,7
sorrow,7
folktale,7
kindness,7
gender,7
monster,7
shadow,7
empathy,7
expectation,7
anecdote,7
grave,7
cleverness,7
rural setting,7
truth,7
motive,7
simplicity,7
conformity,7
language,7
scotland yard,7
gold,7
social dynamic,7
alchemy,7
invention,7
doctor,7
characterization,7
temptation,7
arthur conan doyle,7
criminal,7
conscience,7
knowledge,6
fiction,6
urban setting,6
performance,6
hard work,6
understand,6
season,6
predation,6
urban life,6
edgar allan poe,6
decay,6
paris,6
masculinity,6
creation,6
insight,6
evil,6
character study,6
descent,6
warrior,6
afterlife,6
destruction,6
island,6
psychology,6
fox,6
social status,6
paradox,6
patriotism,6
espionage,6
forbid knowledge,6
renewal,6
jungle,6
kidnap,6
watson,6
village,6
celebration,6
cooperation,6
resurrection,6
australian landscape,6
alibi,6
eldritch,6
gothic,6
sin,6
empowerment,5
labor,5
sword and sorcery,5
happiness,5
home,5
individuality,5
confession,5
romanticism,5
hunt,5
wife,5
cat,5
reputation,5
adaptation,5
dark force,5
existential,5
gift,5
adversity,5
moon,5
star,5
letter,5
superstition,5
enlightenment,5
risk,5
h. p. lovecraft,5
twain,5
giant,5
generosity,5
bush life,5
acceptance,5
politic,5
passion,5
abandonment,5
mind,5
youth,5
twist,5
w. w. jacobs,5
gamble,5
mother,5
sheep,5
confinement,5
duty,5
bed,5
necromancy,5
surreal,5
camaraderie,5
mischief,5
witch,5
race,5
bureaucracy,5
healing,5
detective fiction,5
mark twain,5
son,5
dread,5
flight,5
tree,5
river,5
travel,4
historical fiction,4
insect,4
gratitude,4
bushman,4
hypocrisy,4
valor,4
traveler,4
experimentation,4
leadership,4
humility,4
witchcraft,4
cimmerian,4
psychological tension,4
artifact,4
aesthetic,4
control,4
new england,4
heaven,4
life cycle,4
invisible,4
dead,4
joy,4
fire,4
moonlight,4
emotional conflict,4
mental illness,4
transcendence,4
saki,4
eagle,4
new york,4
cthulhu mythos,4
fishing,4
wall,4
farm,4
town,4
companionship,4
personality,4
womanhood,4
craftsmanship,4
bird,4
psychological horror,4
comfort,4
light,4
transition,4
infidelity,4
predator,4
bet,4
sentiment,4
melancholy,4
work,4
drover,4
rebellion,4
responsibility,4
winter,4
lovecraftian,4
time travel,4
futurism,4
nautical,4
flower,4
rescue,4
automation,4
blackmail,4
prophecy,4
fortune,4
jealousy,4
england,4
wolf,4
solution,4
logic,4
misfortune,4
social critique,4
punishment,4
government,4
personal struggle,4
food,4
cattle,4
imagery,4
abduction,4
injury,4
egypt,4
strange,4
baker street,4
chaos,4
oppression,4
sister,4
decision,4
g. k. chesterton,4
unseen,4
mouse,4
integrity,4
cunne,4
heartbreak,4
entity,4
introspection,4
jack,4
richard connell,4
skull,3
ambiguity,3
parenting,3
alcohol,3
fertility,3
uncanny,3
prejudice,3
good vs evil,3
surprise end,3
belief,3
horseman,3
summer,3
ancestor,3
artificial intelligence,3
abyss,3
american revolution,3
miss,3
ocean,3
foreboding,3
cultural theme,3
machine,3
decision-make,3
learn,3
pirate,3
snake,3
speciman,3
heart,3
royalty,3
inheritance,3
action,3
corruption,3
chance,3
horse racing,3
twin,3
sport,3
cave,3
spring,3
triumph,3
poem,3
comedy,3
bushranger,3
mysterious,3
australian outback,3
honesty,3
self-reflection,3
american literature,3
yearn,3
ranch,3
social norm,3
wit,3
motherhood,3
stream of consciousness,3
assassination,3
purpose,3
old man,3
law,3
irish culture,3
wonder,3
life and death,3
aspiration,3
remembrance,3
dreamlike,3
australian,3
country,3
hand,3
patient,3
poison,3
lady,3
invasion,3
underwater,3
pain,3
cultural heritage,3
blindness,3
song,3
luck,3
ireland,3
queen,3
forbid,3
post-apocalyptic,3
jewel,3
mental health,3
sadness,3
india,3
police,3
education,3
dreamscape,3
criticism,3
fairytale,3
o. henry,3
sensory experience,3
literature,3
past,3
human emotion,3
father,3
moral dilemma,3
farmer,3
awakening,3
god,3
analysis,3
h.g. wells,3
hypnosis,3
brother grimm,3
foreshadow,3
eye,3
ant,3
conclusion,3
artistry,3
escapism,3
come of age,3
recognition,3
imprisonment,3
burden,3
expression,3
forgiveness,3
ship,3
civil war,3
mythical creature,3
man vs nature,3
prey,3
garden,3
world war i,3
hunter,3
outlaw,3
domesticity,3
unity,3
trauma,3
well,3
transience,3
dusk,3
mary shelley,3
evening,3
talent,3
urban,3
vanity,3
tranquility,3
deal,3
narrative style,3
subjectivity,3
tailor,3
sun,3
emotional turmoil,3
revolution,2
cold,2
bargain,2
life struggle,2
manipulation,2
rumpelstiltskin,2
spin,2
name,2
unearthly,2
threat,2
hair,2
fish,2
voice,2
mountain,2
sky,2
exotic,2
routine,2
sensuality,2
phobia,2
unreliable narrator,2
watch,2
progress,2
behavior,2
walk,2
architecture,2
attraction,2
medicine,2
robert e. howard,2
self-image,2
captivity,2
trial,2
caution,2
isle,2
rest,2
daniel webster,2
new york city,2
torture,2
human vs nature,2
italian,2
planet,2
forget,2
social expectation,2
italy,2
cycle of life,2
room,2
victorian,2
emperor,2
folly,2
vine,2
chekhov,2
tiger,2
providence,2
mean,2
silence,2
age,2
dragon,2
elephant,2
seed,2
celestial,2
beyond,2
brotherhood,2
sensitivity,2
kiss,2
comradeship,2
pharaohs,2
failure,2
promise,2
play,2
oblivion,2
toy,2
frog,2
metaphor,2
overconfidence,2
persuasion,2
alien world,2
dream vs reality,2
writer,2
inner conflict,2
nothing,2
cultural norm,2
law enforcement,2
sensation,2
rejection,2
disappointment,2
coastal,2
climate,2
ice,2
tyranny,2
sense,2
endurance,2
emotional struggle,2
antiquity,2
separation,2
human behavior,2
circus,2
intimacy,2
defiance,2
poet,2
intelligence,2
interaction,2
dimension,2
australian culture,2
recovery,2
hospitality,2
sickness,2
medical,2
disease,2
estrangement,2
cycle,2
alien landscape,2
hyborian age,2
moral choice,2
female experience,2
pulp fiction,2
plague,2
distance,2
altered state,2
people,2
manuscript,2
audience,2
tower,2
sibling,2
paint,2
interior monologue,2
artist,2
pendulum,2
utopia,2
aviation,2
eerie,2
persistence,2
theatre,2
career,2
presence,2
camel,2
apocalypse,2
tale,2
innsmouth,2
bone,2
kiple,2
social justice,2
french literature,2
desert,2
existential dread,2
life choice,2
master,2
appearance,2
dupin,2
shipwreck,2
dinner party,2
astronomy,2
trade,2
knight,2
arthur machen,2
authenticity,2
execution,2
archaeology,2
impact,2
victory,2
emotional,2
epiphany,2
catholicism,2
social interaction,2
bond,2
contentment,2
patience,2
lodge,2
serenity,2
lose,2
wander,2
dependency,2
speed,2
necronomicon,2
submarine,2
clothing,2
ancient text,2
addiction,2
virtue,2
demon,2
warfare,2
empire,2
surveillance,2
stereotype,2
esoteric,2
mesmerism,2
southern gothic,2
power dynamic,2
scandal,2
catalepsy,2
message,2
location,2
everyday life,2
interpretation,2
music,2
brother,2
henry lawson,2
temple,2
lose civilization,2
dark theme,2
forensic,2
wildlife,2
class struggle,2
intruder,2
invocation,2
colonialism,2
wish,2
apple,2
bottle,2
equestrian,2
surprise,2
hell,2
africa,2
racehorse,2
eavesdropping,2
peace,2
english countryside,2
whale,2
market,2
human connection,2
wine,2
catacomb,2
dark magic,2
deceit,2
boston,2
australian literature,2
harvest,2
father brown,2
confrontation,2
military,2
catastrophe,2
conservation,2
ancient god,2
drought,2
cthulhu,2
heroine,2
scottish folklore,2
stockman,2
bully,2
boy,2
balloon,2
climb,2
self-awareness,2
gory,2
puzzle,2
rider,2
burlesque,2
salvation,2
parody,2
ceremony,2
villager,2
dark secret,2
atlantis,2
secret document,2
hostage,2
human vs animal,2
rooster,2
professor moriarty,2
angel,2
water,2
beatrix potter,2
nationalism,2
free will,2
eternity,2
university,2
tooth,2
folk tale,2
individualism,2
storm,2
bee,2
venice,2
burglary,2
fashion,2
case,2
color,2
azathoth,2
deity,2
utopian society,2
beast,2
window,2
void,2
rudyard kipling,2
universe,2
protection,2
element,2
non-euclidean,2
sound,2
napoleon,2
contest,2
medical science,2
body snatch,2
money,2
worker,2
ball,2
bat,2
pig,2
autumn,2
barber,2
student,2
lady france carfax,2
body,2
collector,2
regionalism,2
beetle,2
armageddon,2
suspicion,2
fatalism,2
ass,2
earth,2
whistle,2
trap,1
theme of survival,1
unwritten story,1
farm life,1
double-faced,1
swan,1
weather,1
female perspective,1
sanger rainsford,1
miss winchelsea,1
woman 's experience,1
fragmentation,1
duckle,1
uncharted,1
luxury,1
french society,1
seduction,1
solidarity,1
reality vs fiction,1
casino,1
mr. vinegar,1
mrs. vinegar,1
molly whuppie,1
general zaroff,1
station,1
monte carlo,1
intellect,1
bog,1
oscar wilde,1
union,1
philanthropy,1
surgery,1
anesthesia,1
moth,1
road,1
kiley 's hill,1
landscape imagery,1
metamorphosis,1
moon-bog,1
portrait,1
han pfaal,1
monkey 's paw,1
game,1
ugly,1
unnamable,1
operation,1
model millionaire,1
literary exploration,1
unforeseen outcome,1
uncomfortable,1
commemoration,1
psychological drama,1
feminine identity,1
malneant,1
mood,1
advancement,1
accelerator,1
borrow,1
madame loisel,1
necklace,1
diplomacy,1
naval treaty,1
transgression,1
juan romero,1
abomination,1
latin america,1
offspring,1
nameless,1
travel post office,1
ruin,1
postal service,1
mail delivery,1
nameless city,1
transfer,1
lifestyle,1
treader,1
country mouse,1
toll-house,1
anonymity,1
tom tit tot,1
nobody,1
displacement,1
paul revere,1
midnight ride,1
victorian literature,1
realism,1
azoth,1
naught,1
nix,1
skeleton,1
artificial,1
china,1
yara,1
nightingale,1
town mouse,1
primitive,1
marie roget,1
dave regan,1
humour,1
rue morgue,1
guilt-ride,1
horse driver,1
animal right,1
aesop,1
local villager,1
mrs. packletide,1
reality vs fantasy,1
vice,1
fairyland,1
mr. skelmersdale,1
vacation,1
mr. ledbetter,1
mr. fox,1
mr. brisher,1
mr. braddy,1
devine,1
gallant,1
irish identity,1
character dynamic,1
narrative perspective,1
two bag,1
uncle jule,1
weight,1
movement,1
aeroplane,1
dark humor,1
viol,1
strasbourg,1
erich zann,1
dust,1
heirloom,1
cryptic,1
vasco gomez,1
archaic,1
musgrave family,1
taxidermy,1
reasoning,1
violent,1
preservation,1
sir thomas thumb,1
miniature,1
pyecraft,1
miss harriet,1
shear,1
misery,1
doppelganger,1
little red riding-hood,1
holiday,1
school,1
little red,1
morderberg,1
little mother,1
self-destruction,1
mermaid,1
illumination,1
wind,1
wireless,1
match,1
hans christian andersen,1
little match girl,1
art vs responsibility,1
insecurity,1
self-consciousness,1
confusion,1
signal,1
frustration,1
paralysis,1
grandmother,1
basket,1
two-year-old,1
widow,1
geography,1
ticket,1
lottery,1
latitude,1
equator,1
whirligig,1
personal experience,1
psychological struggle,1
domestic space,1
comedic,1
white people,1
white ship,1
explosive,1
gold miner,1
dwarf,1
wicked,1
huntsman,1
mirror,1
widower,1
turmore,1
snow-white,1
gotham,1
weakness,1
valley,1
ghost story,1
katrina van tassel,1
brom bone,1
ichabod crane,1
existential theme,1
sleepy hollow,1
leather funnel,1
yellow wallpaper,1
lazy,1
lawkamercyme,1
vigilante,1
depression,1
theme of communication,1
last word,1
reminiscence,1
treatment,1
rest cure,1
last parade,1
goodman brown,1
puritanism,1
flatfeet,1
ivy vine,1
headless horseman,1
hudson valley,1
playfulness,1
xeethra,1
help,1
lion,1
birth,1
bitter,1
interpersonal relationship,1
collaboration,1
wild,1
primal,1
cimmeria,1
wreck,1
leopard,1
teamwork,1
plantation,1
shape,1
brazil,1
leiningen,1
dutch settler,1
scare,1
edwin dell,1
wrongdoing,1
american folklore,1
wave,1
tropic of capricorn,1
blunder,1
vendetta,1
hospital,1
measle,1
enchanter,1
maze,1
veteran,1
ukrainian culture,1
vintage,1
may,1
decadence,1
elysium,1
mask,1
festivity,1
reveler,1
prince prospero,1
virgin,1
red death,1
masque,1
philosopher,1
markheim,1
von kempelen,1
mechanical automaton,1
very old folk,1
caregiver,1
bluejay,1
african savanna,1
opinion,1
donkey,1
miller,1
daydream,1
pail,1
spider,1
vanka,1
orphan,1
milkmaid,1
right foot,1
middle toe,1
weasel,1
apprentice,1
inner self,1
veldt,1
autobiography,1
delusion,1
human vs machine,1
virtual reality,1
animalism,1
mechanical justice,1
think,1
mark,1
chess-play machine,1
mantle,1
caribbean,1
knife,1
brumbie,1
snowy river,1
bread,1
cook,1
traditional,1
beard,1
ironbark,1
major,1
local legend,1
world end,1
magnetism,1
shop,1
abandon,1
wendigo,1
native american mythology,1
cemetery,1
adult vs child,1
lumber room,1
commentary,1
wee bannock,1
cowardice,1
emotional barrier,1
18th century,1
twisted lip,1
enigma,1
opium den,1
away,1
human intellect,1
limit,1
miracle,1
uniqueness,1
imitation,1
cognition,1
knell,1
voyage,1
sfanmoe,1
hadleyburg,1
want,1
water of life,1
stranger,1
crowd,1
wedding,1
psychological complexity,1
north wind,1
offering,1
ignition,1
rhythm,1
red room,1
agriculture,1
native,1
red one,1
sredni vashtar,1
conradin,1
ferret,1
aunt,1
st. george,1
red ettin,1
merrie england,1
emotional transformation,1
chivalry,1
medieval,1
comet,1
reconciliation,1
repetition,1
visitor,1
cosmic event,1
lenore,1
raven,1
sow,1
disbelief,1
red shadow,1
dinosaur,1
possibility,1
humanization,1
safari,1
extinction,1
academy,1
ape,1
davidson,1
relic,1
squire,1
reigate,1
exotic location,1
inner thought,1
ruse,1
bank robbery,1
scheme,1
butterfly effect,1
red-headed league,1
jabez wilson,1
environmentalism,1
eco-friendly,1
randolph carter,1
rattle,1
crypt,1
anarchist,1
financial,1
bacillus,1
whodunit,1
footprint,1
tribal warfare,1
scientist,1
germ,1
microbiology,1
infection,1
public health,1
queer,1
black coast,1
belit,1
fungi,1
mushroom,1
purple pileus,1
concealment,1
laboratory,1
ratiocination,1
c. auguste dupin,1
character analysis,1
fraud,1
family history,1
small town,1
tin soldier,1
manor,1
steadfast,1
rat,1
reunion,1
ballet dancer,1
steelman,1
rapunzel,1
pupil,1
kid,1
maupassant,1
mentorship,1
red chief,1
ransom,1
wanderer,1
work ethic,1
lose city,1
stockbroker,1
iranon,1
clerk,1
requiescat,1
dance,1
cloak,1
advertise,1
cold war,1
clone,1
signalman,1
theme of death,1
end house,1
searcher,1
railroad,1
seal room,1
marine,1
raider,1
warn,1
genius,1
tunnel,1
epic,1
silver blaze,1
trainer,1
colonel ross,1
equine,1
silver key,1
dungeon,1
monsieur pettipon,1
chesterton,1
secret garden,1
mary lennox,1
appearance vs reality,1
feminine strength,1
human-animal connection,1
last leaf,1
shirt-collar,1
she-wolf,1
autonomy,1
veil,1
shoe,1
class disparity,1
work-class,1
break sword,1
sez you,1
sentimentality,1
achievement,1
self-make,1
sepulchre,1
shun,1
colin craven,1
dark history,1
malevolent,1
scarlet citadel,1
howard,1
moral conflict,1
homecoming,1
rise tree,1
rogue,1
sobbin woman,1
stephen vincent benet,1
societal role,1
rock-horse,1
relaxation,1
angle,1
tear,1
roach,1
snow,1
disconnection,1
catskill mountain,1
hudson river,1
rip van winkle,1
new beginning,1
reformation,1
adjustment,1
medical ethic,1
sloganeer,1
shed,1
kilimanjaro,1
photograph,1
gossip,1
prince saradine,1
allegory,1
father flynn,1
religious doubt,1
albano,1
bohemia,1
irene adler,1
slander,1
satyr,1
sasha,1
enemy,1
saltbush bill,1
lie,1
slav,1
microscope,1
slither,1
dagger,1
dramatic critic,1
miller 's daughter,1
sniper,1
minister,1
steal,1
purloin,1
transference,1
jockeys,1
steeplechase,1
possession,1
rebirth,1
open boat,1
skill,1
jockey,1
three feather,1
three head,1
three little pig,1
run,1
kiley,1
straw,1
problem-solve,1
old woman,1
stick,1
woodland,1
dryad,1
old pipe,1
brick,1
theme of redemption,1
environmental theme,1
nuclear war,1
bravery,1
speech,1
tattercoat,1
nemedian,1
telephonic,1
dreamland,1
other god,1
gaze,1
harringay,1
tent,1
rhetoric,1
orator,1
open window,1
frame,1
agony,1
mr. nuttel,1
terrible epp,1
terrible,1
coastal town,1
blue john gap,1
vera,1
gold mining,1
bush ballad,1
safety,1
ingenuity,1
unseen force,1
personal reflection,1
generational difference,1
husband,1
tool,1
thumbelina,1
tiny girl,1
oblong box,1
monolith,1
nyarlathotep,1
white powder,1
peyton farquhar,1
equation,1
petersburg,1
nose,1
yukon,1
frostbite,1
gentle,1
force,1
warmth,1
hypothermia,1
owl creek bridge,1
southern sympathizer,1
son of reprieve,1
thanksgive,1
old pardon,1
question,1
importance,1
present,1
old city,1
marseille,1
three silly,1
foolishness,1
old age,1
bug,1
confederate,1
australian history,1
irish,1
o'halloran,1
individual,1
public,1
castlereagh,1
narrative structure,1
womens experience,1
flashback,1
new horse,1
outrage,1
rabbit,1
plattner,1
cottage,1
astral,1
polaris,1
porridge,1
chair,1
intrusion,1
drug,1
plutonian,1
parallel universe,1
pit,1
praise,1
social judgment,1
unfinishe,1
accusation,1
physicality,1
man vs self,1
box,1
private secretary,1
steak,1
theme of reality,1
poor relation,1
premature burial,1
psychological element,1
private history,1
entertainment,1
show,1
louisiana,1
puppet,1
thor bridge,1
personal account,1
incompetence,1
campaign,1
angela poe,1
last trump,1
entombment,1
puma,1
mr. elvesham,1
suitor,1
true,1
test,1
pea,1
three bear,1
mump,1
goldilock,1
piebald,1
strange encounter,1
outsider,1
self-indulgence,1
pedestrian,1
pearl,1
mining,1
duck,1
egg,1
nest,1
goodly,1
child 's literature,1
park,1
feminine desire,1
button,1
consumerism,1
silk stocking,1
miss opportunity,1
negative gravity,1
oval portrait,1
peter rabbit,1
mr. mcgregor,1
monstrosity,1
underground,1
jemima puddle-duck,1
coat,1
high house,1
pickman,1
old house,1
mist,1
cannibalism,1
teacher,1
generational gap,1
supernumerary,1
ghoul,1
painter,1
model,1
corpse,1
relative,1
macabre,1
sword,1
suspicious,1
uncertainty,1
swagman,1
phoenix,1
homage,1
gloucester,1
sew,1
turn aside,1
bank-note,1
hero and villain,1
insult,1
frog jumping contest,1
vernacular,1
gambler,1
calaveras county,1
jump frog,1
ulthar,1
disaster,1
domestic,1
characteristic,1
premeditation,1
carnival,1
dunsany,1
mason,1
fortunato,1
montresor,1
amontillado,1
cask,1
sir james sannox,1
lady sannox,1
miss person,1
british literature,1
maritime,1
celephais,1
morpheus,1
otherness,1
charm,1
go away,1
happily ever after,1
glass slipper,1
fairy godmother,1
stepsister,1
stepmother,1
cinderella,1
chime,1
innocent aspiration,1
blessing,1
situation,1
persona,1
police officer,1
chameleon,1
individualism vs collectivism,1
future civilization,1
  transfer,1
reincarnation,1
transhumanism,1
eternal life,1
chain,1
aforgomon,1
sailor,1
captain roger,1
british raj,1
protest,1
bowman,1
german,1
franco-prussian war,1
prostitute,1
boule de suif,1
bottomless,1
imp,1
civil unrest,1
colonist,1
british soldier,1
nathaniel hawthorne,1
caporushe,1
massacre,1
admiral lynch,1
boss,1
witness,1
boscombe valley,1
landscape description,1
borderland,1
intellectualism,1
bookshop,1
literary,1
archer,1
english soldier,1
filbert,1
moderation,1
rite,1
sculpture,1
r'lyeh,1
philosophical theme,1
cain,1
babylon,1
stamp,1
butterfly,1
christen,1
american author,1
biography,1
aestheticism,1
itys,1
rose,1
accent,1
inversion,1
class distinction,1
english society,1
the brogue,1
thriller,1
brazilian,1
singe flame,1
clair de lune,1
criminality,1
daylight,1
business,1
economic,1
ostrich,1
forgery,1
auction,1
old master,1
gretta conroy,1
gabriel conroy,1
twilight,1
die,1
enjoyment,1
government clerk,1
ordinary life,1
leisure,1
adaptability,1
emotional attachment,1
olga,1
vengeance,1
dark eidolon,1
abuse,1
brown,1
sea serpent,1
farewell,1
miscommunication,1
guy de maupassant,1
devil,1
dick whittington,1
maker,1
diamond,1
diagnosis,1
ancient ruin,1
iron,1
legal battle,1
american identity,1
oratory,1
faustian bargain,1
paternity,1
halpin frayser,1
cyclone,1
whirlpool,1
maelstrom,1
descendant,1
demir-kay,1
armistice,1
robot,1
defender,1
vulnerability,1
defenceless,1
dagon,1
modernity,1
aldous huxley,1
intricacy,1
settler,1
come-by-chance,1
mutation,1
radiation,1
meteorite,1
colour,1
profession,1
expertise,1
cobbler,1
lilac,1
precision,1
cynthia,1
mechanism,1
clockmaker,1
cafe,1
confectionery,1
fair,1
maria,1
clay,1
cowman,1
overflow,1
clancy,1
come,1
maggie,1
come-out,1
cone,1
crystal egg,1
lifeform,1
crooked man,1
example,1
guidance,1
teach,1
crab,1
historical context,1
instability,1
coup d'etat,1
mercy,1
coup de grace,1
nature vs nurture,1
normalcy,1
dilemma,1
urgency,1
strange neighbor,1
temperature,1
cool air,1
conroy 's gap,1
life experience,1
bogey-beast,1
human remain,1
incantation,1
builder,1
dr. grimesby roylott,1
helen stoner,1
cyclist,1
bust,1
second stain,1
retire colourman,1
red circle,1
aristocracy,1
priory school,1
inspector,1
norwood,1
sussex,1
noble bachelor,1
rugby,1
three-quarter,1
mazarin stone,1
lion 's mane,1
golden pince-nez,1
mechanical,1
thumb,1
engineer,1
reappearance,1
victorian england,1
vampire,1
laziness,1
family legacy,1
grasshopper,1
annabel lee,1
anathema,1
amateur,1
allez,1
margot,1
rain,1
venus,1
miner,1
canyon,1
foreign influence,1
three gable,1
ecosystem,1
prehistoric,1
extinct specie,1
aepyorni,1
wisteria lodge,1
veiled lodger,1
cheat,1
exam,1
fake,1
garrideb,1
tuberculosis,1
serum,1
cornwall,1
futility of life,1
futurity,1
emigration,1
strait,1
societal norm,1
unrequited love,1
emotional complexity,1
personal care,1
groom,1
family dynamic,1
time and space,1
government regulation,1
devil 's foot,1
artistic expression,1
human life,1
healthcare,1
voluntary death,1
euthanasia,1
population control,1
jaw,1
prize,1
rich,1
currency,1
black peter,1
charles augustus milverton,1
shoscombe old place,1
lady beatrice,1
edward hilton,1
secret message,1
cipher,1
code,1
dance man,1
chemistry,1
creep man,1
enoch j. drebber,1
copper beeche,1
cardboard box,1
railway,1
bruce-partington plan,1
identification,1
goose,1
hat,1
blue carbuncle,1
beryl coronet,1
sir eustace brackenstall,1
lady brackenstall,1
abbey grange,1
sir james,1
preparation,1
plan,1
edinburgh,1
perfection,1
black fog,1
pet,1
ghoulish,1
alcoholism,1
black cat,1
norroway,1
black bull,1
theme of deception,1
black affair,1
human flaw,1
georgiana,1
black joe,1
aylmer,1
birthmark,1
attack,1
ventriloquist,1
bill,1
michigan,1
nick adams,1
overpopulation,1
outer realm,1
sleepwalker,1
inner struggle,1
indigenous,1
industry,1
blue hotel,1
anatomy,1
resurrectionist,1
grave robbing,1
polly,1
mrs. mooney,1
boarding house,1
the board window,1
boar,1
western setting,1
the stranger,1
blue cross,1
social issue,1
fruit,1
blossom,1
martyrs,1
blanch,1
bargainer,1
blackjack,1
black veil,1
local culture,1
black swan,1
black monk,1
consumption,1
sentience,1
wub,1
mule,1
babe,1
psychological trauma,1
court-martial,1
flight crew,1
amnesia,1
dissonance,1
astrologer,1
assignation,1
animal character,1
comparison,1
frank stockton,1
beware,1
asaph,1
life in the army,1
ensign,1
army,1
airship,1
argonaut,1
adolescence,1
come-of-age,1
araby,1
thrift,1
wood,1
bramble,1
seagull,1
washington square,1
contemplation,1
life imprisonment,1
capital punishment,1
lawyer,1
prisoner,1
egaeus,1
berenice,1
hunger,1
need,1
member,1
belly,1
entomology,1
familiarity,1
reward,1
jupiter,1
self-expression,1
beautiful,1
suit,1
traveller,1
bear,1
tactic,1
merchant,1
die-hard,1
alternate reality,1
envy,1
fame,1
public perception,1
hunger artist,1
catch,1
human,1
throat,1
skin,1
rhinoceros,1
outcome,1
favourite,1
anthropomorphism,1
turkey,1
wasteland,1
origin,1
hump,1
humorous,1
m'ginnis,1
motivation,1
kuprin,1
actor,1
gilbert,1
laurel,1
pursuit,1
outdoor,1
impersonation,1
russian society,1
imperial,1
illustrious client,1
woman 's right,1
role reversal,1
equality,1
manhood,1
self-discipline,1
confidence,1
idyll,1
dandaloo,1
prince myshkin,1
barbarism,1
idiot,1
library,1
weird fiction,1
subconscious,1
insomnia,1
hypno,1
epic battle,1
dark fantasy,1
ancient culture,1
age of hero,1
graveyard,1
hound,1
sentinel,1
henny penny,1
edwardian era,1
quirky,1
social criticism,1
irascible,1
hermann,1
feminine perspective,1
friend,1
panic,1
acorn,1
chicken,1
hen,1
william hope hodgson,1
starry wisdom,1
abandon church,1
self-exploration,1
inner turmoil,1
slow and steady,1
tortoise,1
hare,1
social injustice,1
swallow,1
sapphire,1
abortion,1
train station,1
cultural difference,1
emotional distance,1
altitude,1
height,1
phantom,1
museum,1
19th century,1
reality vs illusion,1
unseen presence,1
20th century,1
english literature,1
israel gow,1
honour,1
sportsmanship,1
arcane,1
alhazre,1
grimoire,1
deceased,1
final case,1
retirement,1
espionage agent,1
mate,1
hill,1
inaccessibility,1
humanity vs otherness,1
disciple,1
fool-killer,1
impressionism,1
flora,1
kew garden,1
commitment,1
owner,1
kashtanka,1
antidote,1
johnson,1
parable,1
rural america,1
johnny pye,1
hemingway,1
folk hero,1
jim carew,1
jilt,1
jane,1
jewess,1
jerry bundler,1
con artist,1
charisma,1
personal magnet,1
jeff peters,1
killers,1
bar,1
mummy,1
lancer,1
slumber,1
land of nod,1
counterpane,1
land,1
industrialization,1
futuristic,1
dystopian,1
military strategy,1
armored vehicle,1
land ironclad,1
shock,1
adultery,1
leg of lamb,1
patrick maloney,1
mary maloney,1
scottish mythology,1
laidly worm,1
arena,1
crimea,1
moscow,1
anna,1
gurov,1
giant-killer,1
golden egg,1
cow,1
pastoral life,1
light and darkness,1
inner light,1
eccentricity,1
reaction,1
incident,1
vault,1
condemn,1
officer,1
penal colony,1
villefere,1
drove,1
beanstalk,1
alien life,1
avu observatory,1
deep sea,1
exile,1
defence,1
australian folklore,1
literary response,1
verse,1
bard,1
rehabilitation,1
the unknown,1
inquiry,1
feud,1
ulrich von gradwitz,1
election,1
committee room,1
ivy day,1
language acquisition,1
dialect,1
linguistic,1
grammar,1
torturer,1
fay,1
hero 's journey,1
wild man,1
iron han,1
ionitch,1
invisible man,1
girl,1
indomitable,1
self-mastery,1
overcome adversity,1
invictus,1
pilgrimage,1
georg znaeym,1
ruby,1
gold leaf,1
statue,1
unexplained,1
guest,1
stagnation,1
eveline,1
harmony,1
number,1
splendour,1
eupompus,1
author,1
metafiction,1
encounter with stranger,1
realm,1
clergyman,1
dark art,1
smith,1
necromancer,1
colonization,1
domination,1
conceit,1
fabric,1
new clothe,1
emerald,1
animal cruelty,1
benevolence,1
unreality,1
happy prince,1
father milon,1
filmer,1
festival,1
nobility,1
ferdinando eboli,1
animal behavior,1
species,1
female,1
feast,1
nemesis,1
parental love,1
division,1
extinct,1
bury alive,1
collapse,1
madeline,1
roderick,1
usher,1
m. valdemar,1
street,1
face,1
apollo,1
charlotte perkin gilman,1
search,1
eldorado,1
dreamlike atmosphere,1
doom,1
duplicity,1
double shadow,1
alien civilization,1
parallel world,1
cosmos,1
door,1
prophesy,1
lake,1
marble,1
ilarnek,1
sarnath,1
love lose,1
companion,1
altruism,1
charity,1
goodness,1
pearly gate,1
doc mellhorn,1
holme,1
professor,1
disintegration,1
mentor,1
unfulfilled,1
ridiculous man,1
philosophical,1
witch-house,1
egyptian,1
easter,1
wild sow,1
animal fable,1
domestication,1
cock,1
gulf,1
dweller,1
druidic,1
ancient evil,1
wilbur whateley,1
whateley family,1
dunwich,1
psychological manipulation,1
alien influence,1
mind control,1
sweetheart,1
reality-bend,1
geometry,1
alternate dimension,1
mathematics,1
reichenbach fall,1
ingenious,1
ring,1
gorgon,1
griffin,1
translation,1
greek interpreter,1
return to origin,1
great return,1
keinplatz,1
water scarcity,1
great calamity,1
grace,1
stone,1
personal aspiration,1
dicken,1
gooseberry,1
golden snuff-box,1
theme of love,1
golden ball,1
injustice,1
glamour,1
femininity,1
dress,1
jim,1
della,1
minor canon,1
parson,1
grisly folk,1
ganymede,1
search for meaning,1
emotional depth,1
fulfillment,1
capture,1
breadcrumb,1
evil stepmother,1
gingerbread house,1
gretel,1
hansel,1
hang,1
hammerpond park,1
divine,1
doubt,1
soliloquy,1
drama,1
gertrude,1
claudius,1
ophelia,1
denmark,1
hamlet,1
interstellar,1
wistaria,1
master b,1
magical realism,1
drown man,1
denial,1
sour,1
grape,1
flattery,1
cheese,1
crow,1
human psychology,1
four man,1
belonging,1
object,1
within,1
club,1
footfall,1
fly,1
million,1
horse riding,1
fly gang,1
botany,1
orchid,1
ku klux klan,1
conspiracy,1
orange pip,1
rationalization,1
stork,1
dinner,1
respect,1
polo,1
geebung,1
gateway,1
holy virgin,1
moral ambiguity,1
theme of civilization,1
animal instinct,1
gabriel-ern,1
norse mythology,1
daughter,1
frost giant,1
sensory,1
governance,1
democracy,1
discontent,1
ruler,1
request,1
true love,1
pond,1
alliance,1
right,1
space exploration,1
